ym,Address change,App / firmware,Audio quality,Cancellation,Charging / battery,Connectivity,Coupon / price,Delivery not received,Duplicate payment,GST invoice,"Payment ok, no order",Pre-sales / how-to,Refund delay,Return pickup,Unclassified,Warranty / hardware fault,Wrong / damaged item
2025-01,4,20,19,17,16,30,7,72,14,11,17,21,13,14,3,17,19
2025-02,9,22,14,18,16,23,10,79,12,20,17,46,24,13,0,22,23
2025-03,5,37,20,23,20,47,19,92,16,21,22,34,21,29,5,27,24
2025-04,10,28,18,15,24,37,18,95,15,26,27,38,24,21,4,29,20
2025-05,8,37,14,23,20,49,12,81,12,13,20,32,30,12,6,27,28
2025-06,7,36,17,22,14,40,7,94,12,30,26,35,28,23,8,24,16
2025-07,9,44,16,34,17,42,9,95,11,15,24,33,27,22,10,30,24
2025-08,9,56,26,27,30,64,13,148,18,44,42,48,34,44,8,41,43
2025-09,9,60,21,21,28,57,24,146,15,32,30,63,35,35,9,48,38
2025-10,8,69,39,30,30,55,26,183,22,43,54,76,43,46,14,58,51
2025-11,16,67,38,47,38,81,31,211,24,48,46,88,46,48,8,62,53
2025-12,16,74,48,33,43,92,26,176,21,35,33,72,40,42,15,53,50
2026-01,15,61,37,39,51,108,17,142,19,36,27,77,46,36,11,52,38
2026-02,14,72,29,31,30,83,18,136,26,35,31,66,34,27,11,49,41
2026-03,10,60,51,21,42,82,21,157,26,33,42,56,38,33,19,49,40
2026-04,15,74,27,36,40,102,27,146,30,27,43,67,38,29,18,62,51
2026-05,9,66,37,28,42,80,20,144,18,36,43,56,33,34,10,49,51
2026-06,13,58,47,30,46,89,19,122,23,29,30,72,48,35,11,59,45
