ym,Billing,Chat Frontline,Email Frontline,Escalations & Warranty,Logistics,Returns Desk,Voice Frontline
2025-01,49,67,39,18,91,27,23
2025-02,59,85,46,22,102,37,17
2025-03,78,105,52,27,116,51,33
2025-04,86,90,57,31,115,45,25
2025-05,57,95,57,30,110,42,33
2025-06,76,84,65,25,111,53,25
2025-07,59,97,72,32,119,50,33
2025-08,117,156,67,44,192,78,41
2025-09,102,128,87,52,184,70,48
2025-10,145,173,104,61,235,91,38
2025-11,150,206,110,64,265,96,61
2025-12,117,193,144,55,226,85,49
2026-01,100,212,118,54,180,82,66
2026-02,112,167,117,50,179,61,47
2026-03,124,172,113,54,198,71,48
2026-04,128,200,117,63,199,68,57
2026-05,118,178,91,50,195,68,56
2026-06,101,186,108,61,167,84,69
